-- ============================================
-- SiamGroup V3.1 — HRM Mock Data
-- ============================================
SET NAMES utf8mb4;

SET FOREIGN_KEY_CHECKS = 0;

-- 1. Users (14 คน)
INSERT INTO `core_users` (`username`, `password_hash`, `first_name_th`, `last_name_th`, `first_name_en`, `last_name_en`, `nickname`, `gender`, `birth_date`, `phone`, `email`) VALUES
('somchai.w',  '$2y$12$R.Zr10aIuYJPCBkhi4MAQON0AikuEr49BOYiS75mgO5hcrjwOSyQy', 'สมชาย', 'วงศ์ศรี', 'Somchai', 'Wongsri', 'ชาย', 'MALE', '1990-03-15', '081-234-5678', 'somchai@siamgroup.co.th'),
('ploy.s',     '$2y$12$R.Zr10aIuYJPCBkhi4MAQON0AikuEr49BOYiS75mgO5hcrjwOSyQy', 'พลอย', 'สุขใจ', 'Ploy', 'Sukjai', 'พลอย', 'FEMALE', '1993-07-22', '082-345-6789', 'ploy@siamgroup.co.th'),
('nattapong.k','$2y$12$R.Zr10aIuYJPCBkhi4MAQON0AikuEr49BOYiS75mgO5hcrjwOSyQy', 'ณัฐพงศ์', 'เกียรติกุล', 'Nattapong', 'Kiattikul', 'ณัฐ', 'MALE', '1988-11-05', '083-456-7890', 'nattapong@siamgroup.co.th'),
('suda.p',     '$2y$12$R.Zr10aIuYJPCBkhi4MAQON0AikuEr49BOYiS75mgO5hcrjwOSyQy', 'สุดา', 'ประเสริฐ', 'Suda', 'Prasert', 'ดา', 'FEMALE', '1995-01-12', '084-567-8901', 'suda@siamgroup.co.th'),
('kittisak.m', '$2y$12$R.Zr10aIuYJPCBkhi4MAQON0AikuEr49BOYiS75mgO5hcrjwOSyQy', 'กิตติศักดิ์', 'มั่นคง', 'Kittisak', 'Mankong', 'กิตติ', 'MALE', '1991-05-30', '085-678-9012', 'kittisak@siamgroup.co.th'),
('waree.t',    '$2y$12$R.Zr10aIuYJPCBkhi4MAQON0AikuEr49BOYiS75mgO5hcrjwOSyQy', 'วารี', 'ทองดี', 'Waree', 'Thongdee', 'วา', 'FEMALE', '1994-09-18', '086-789-0123', 'waree@siamgroup.co.th'),
('prasit.l',   '$2y$12$R.Zr10aIuYJPCBkhi4MAQON0AikuEr49BOYiS75mgO5hcrjwOSyQy', 'ประสิทธิ์', 'ลีลา', 'Prasit', 'Leela', 'สิทธิ์', 'MALE', '1987-12-25', '087-890-1234', 'prasit@siamgroup.co.th'),
('anong.c',    '$2y$12$R.Zr10aIuYJPCBkhi4MAQON0AikuEr49BOYiS75mgO5hcrjwOSyQy', 'อนงค์', 'ชัยชนะ', 'Anong', 'Chaichana', 'นง', 'FEMALE', '1996-04-08', '088-901-2345', 'anong@siamgroup.co.th'),
('wichai.b',   '$2y$12$R.Zr10aIuYJPCBkhi4MAQON0AikuEr49BOYiS75mgO5hcrjwOSyQy', 'วิชัย', 'บุญมา', 'Wichai', 'Bunma', 'ชัย', 'MALE', '1989-06-14', '089-012-3456', 'wichai@siamgroup.co.th'),
('rattana.j',  '$2y$12$R.Zr10aIuYJPCBkhi4MAQON0AikuEr49BOYiS75mgO5hcrjwOSyQy', 'รัตนา', 'จันทร์ฉาย', 'Rattana', 'Janchai', 'ตน', 'FEMALE', '1992-08-20', '090-123-4567', 'rattana@siamgroup.co.th'),
('thana.r',    '$2y$12$R.Zr10aIuYJPCBkhi4MAQON0AikuEr49BOYiS75mgO5hcrjwOSyQy', 'ธนา', 'เรืองฤทธิ์', 'Thana', 'Ruengrit', 'ธน', 'MALE', '1993-02-28', '091-234-5678', 'thana@siamgroup.co.th'),
('kannika.s',  '$2y$12$R.Zr10aIuYJPCBkhi4MAQON0AikuEr49BOYiS75mgO5hcrjwOSyQy', 'กรรณิการ์', 'ศรีสวัสดิ์', 'Kannika', 'Srisawat', 'ก้อย', 'FEMALE', '1997-10-10', '092-345-6789', 'kannika@siamgroup.co.th'),
('prayut.n',   '$2y$12$R.Zr10aIuYJPCBkhi4MAQON0AikuEr49BOYiS75mgO5hcrjwOSyQy', 'ประยุทธ์', 'เนตรวงศ์', 'Prayut', 'Netrwong', 'ยุทธ', 'MALE', '1985-01-01', '093-456-7890', 'prayut@siamgroup.co.th'),
('jintana.k',  '$2y$12$R.Zr10aIuYJPCBkhi4MAQON0AikuEr49BOYiS75mgO5hcrjwOSyQy', 'จินตนา', 'แก้วเพชร', 'Jintana', 'Kaewphet', 'จิน', 'FEMALE', '1998-06-15', '094-567-8901', 'jintana@siamgroup.co.th');

-- 2. Employees (14 คน)
INSERT INTO `hrm_employees` (`user_id`, `employee_code`, `company_id`, `branch_id`, `level_id`, `manager_id`, `status`, `start_date`, `salary_type`, `base_salary`) VALUES
(2,  'SDR001', 1, 1, 3, 1, 'FULL_TIME',  '2023-06-01', 'MONTHLY', 45000.00),
(3,  'SDR002', 1, 1, 6, 2, 'FULL_TIME',  '2024-01-15', 'MONTHLY', 28000.00),
(4,  'SDR003', 1, 1, 8, 2, 'PROBATION',  '2026-01-10', 'MONTHLY', 18000.00),
(5,  'SDR004', 1, 1, 8, 3, 'FULL_TIME',  '2024-08-01', 'MONTHLY', 20000.00),
(6,  'SXD001', 2, 2, 3, 1, 'FULL_TIME',  '2022-03-01', 'MONTHLY', 50000.00),
(7,  'SXD002', 2, 2, 6, 6, 'FULL_TIME',  '2023-09-15', 'MONTHLY', 32000.00),
(8,  'SXD003', 2, 2, 7, 6, 'FULL_TIME',  '2024-02-01', 'MONTHLY', 25000.00),
(9,  'SXD004', 2, 2, 8, 7, 'FULL_TIME',  '2024-06-01', 'MONTHLY', 18500.00),
(10, 'SXD005', 2, 3, 5, 6, 'FULL_TIME',  '2023-04-01', 'MONTHLY', 35000.00),
(11, 'SXD006', 2, 3, 8, 10,'FULL_TIME',  '2024-10-01', 'MONTHLY', 17000.00),
(12, 'SPD001', 3, 4, 3, 1, 'FULL_TIME',  '2023-01-01', 'MONTHLY', 48000.00),
(13, 'SPD002', 3, 4, 8, 12,'FULL_TIME',  '2024-04-01', 'MONTHLY', 19000.00),
(14, 'SAR001', 4, 5, 3, 1, 'FULL_TIME',  '2022-07-01', 'MONTHLY', 52000.00),
(15, 'SAR002', 4, 5, 8, 14,'PROBATION',  '2026-02-01', 'MONTHLY', 16000.00);

-- 3. Employee Shifts
INSERT INTO `hrm_employee_shifts` (`employee_id`, `shift_id`, `effective_date`) VALUES
(2, 1, '2023-06-01'), (3, 1, '2024-01-15'), (4, 1, '2026-01-10'), (5, 1, '2024-08-01'),
(6, 4, '2022-03-01'), (7, 4, '2023-09-15'), (8, 4, '2024-02-01'), (9, 4, '2024-06-01'),
(10, 4, '2023-04-01'), (11, 4, '2024-10-01'),
(12, 1, '2023-01-01'), (13, 1, '2024-04-01'),
(14, 1, '2022-07-01'), (15, 1, '2026-02-01');

-- 4. Leave Quotas 2026
INSERT INTO `hrm_employee_leave_quotas` (`employee_id`, `leave_type_id`, `year`, `quota_days`, `used_days`, `carried_days`) VALUES
(2, 1, 2026, 30, 1, 0), (2, 2, 2026, 3, 1, 0), (2, 3, 2026, 10, 3, 2),
(3, 1, 2026, 30, 0, 0), (3, 2, 2026, 3, 0, 0), (3, 3, 2026, 8, 1, 0),
(4, 1, 2026, 30, 2, 0), (4, 2, 2026, 3, 0, 0), (4, 3, 2026, 6, 0, 0),
(5, 1, 2026, 30, 0, 0), (5, 2, 2026, 3, 1, 0), (5, 3, 2026, 8, 2, 0),
(6, 1, 2026, 30, 0, 0), (6, 2, 2026, 3, 0, 0), (6, 3, 2026, 15, 5, 3),
(7, 1, 2026, 30, 3, 0), (7, 2, 2026, 3, 1, 0), (7, 3, 2026, 10, 2, 0),
(8, 1, 2026, 30, 1, 0), (8, 2, 2026, 3, 0, 0), (8, 3, 2026, 8, 1, 0),
(9, 1, 2026, 30, 0, 0), (9, 2, 2026, 3, 2, 0), (9, 3, 2026, 6, 0, 0),
(10, 1, 2026, 30, 2, 0), (10, 2, 2026, 3, 1, 0), (10, 3, 2026, 10, 3, 1),
(11, 1, 2026, 30, 0, 0), (11, 2, 2026, 3, 0, 0), (11, 3, 2026, 6, 0, 0),
(12, 1, 2026, 30, 1, 0), (12, 2, 2026, 3, 0, 0), (12, 3, 2026, 12, 4, 2),
(13, 1, 2026, 30, 0, 0), (13, 2, 2026, 3, 1, 0), (13, 3, 2026, 8, 0, 0),
(14, 1, 2026, 30, 0, 0), (14, 2, 2026, 3, 0, 0), (14, 3, 2026, 15, 2, 5),
(15, 1, 2026, 30, 1, 0), (15, 2, 2026, 3, 0, 0), (15, 3, 2026, 6, 0, 0);

-- 5. Time Logs (ก.พ.-มี.ค. 2026)
INSERT INTO `hrm_time_logs` (`employee_id`, `work_date`, `scan_time`, `scan_type`, `check_in_type`, `latitude`, `longitude`, `location_name`, `distance_from_base`, `is_verified_location`) VALUES
(2, '2026-02-21', '2026-02-21 08:25:00', 'IN',  'ONSITE', 13.7563, 100.5018, 'สำนักงานใหญ่ SDR', 12, 1),
(2, '2026-02-21', '2026-02-21 17:35:00', 'OUT', 'ONSITE', 13.7563, 100.5018, 'สำนักงานใหญ่ SDR', 12, 1),
(2, '2026-02-23', '2026-02-23 08:15:00', 'IN',  'ONSITE', 13.7563, 100.5018, 'สำนักงานใหญ่ SDR', 8, 1),
(2, '2026-02-23', '2026-02-23 18:10:00', 'OUT', 'ONSITE', 13.7563, 100.5018, 'สำนักงานใหญ่ SDR', 8, 1),
(2, '2026-02-24', '2026-02-24 08:30:00', 'IN',  'ONSITE', 13.7563, 100.5018, 'สำนักงานใหญ่ SDR', 10, 1),
(2, '2026-02-24', '2026-02-24 17:30:00', 'OUT', 'ONSITE', 13.7563, 100.5018, 'สำนักงานใหญ่ SDR', 10, 1),
(2, '2026-02-25', '2026-02-25 08:50:00', 'IN',  'ONSITE', 13.7563, 100.5018, 'สำนักงานใหญ่ SDR', 15, 1),
(2, '2026-02-25', '2026-02-25 17:45:00', 'OUT', 'ONSITE', 13.7563, 100.5018, 'สำนักงานใหญ่ SDR', 15, 1),
(2, '2026-02-26', '2026-02-26 08:20:00', 'IN',  'ONSITE', 13.7563, 100.5018, 'สำนักงานใหญ่ SDR', 11, 1),
(2, '2026-02-26', '2026-02-26 17:40:00', 'OUT', 'ONSITE', 13.7563, 100.5018, 'สำนักงานใหญ่ SDR', 11, 1),
(2, '2026-02-27', '2026-02-27 08:28:00', 'IN',  'ONSITE', 13.7563, 100.5018, 'สำนักงานใหญ่ SDR', 9, 1),
(2, '2026-02-27', '2026-02-27 17:32:00', 'OUT', 'ONSITE', 13.7563, 100.5018, 'สำนักงานใหญ่ SDR', 9, 1),
(2, '2026-02-28', '2026-02-28 08:22:00', 'IN',  'ONSITE', 13.7563, 100.5018, 'สำนักงานใหญ่ SDR', 13, 1),
(2, '2026-02-28', '2026-02-28 17:55:00', 'OUT', 'ONSITE', 13.7563, 100.5018, 'สำนักงานใหญ่ SDR', 13, 1),
(2, '2026-03-02', '2026-03-02 08:18:00', 'IN',  'ONSITE', 13.7563, 100.5018, 'สำนักงานใหญ่ SDR', 10, 1),
(2, '2026-03-02', '2026-03-02 17:41:00', 'OUT', 'ONSITE', 13.7563, 100.5018, 'สำนักงานใหญ่ SDR', 10, 1),
(2, '2026-03-03', '2026-03-03 08:29:00', 'IN',  'ONSITE', 13.7563, 100.5018, 'สำนักงานใหญ่ SDR', 14, 1),
(2, '2026-03-03', '2026-03-03 17:30:00', 'OUT', 'ONSITE', 13.7563, 100.5018, 'สำนักงานใหญ่ SDR', 14, 1),
(2, '2026-03-04', '2026-03-04 08:55:00', 'IN',  'ONSITE', 13.7563, 100.5018, 'สำนักงานใหญ่ SDR', 20, 1),
(2, '2026-03-04', '2026-03-04 17:38:00', 'OUT', 'ONSITE', 13.7563, 100.5018, 'สำนักงานใหญ่ SDR', 20, 1),
(2, '2026-03-05', '2026-03-05 08:10:00', 'IN',  'ONSITE', 13.7563, 100.5018, 'สำนักงานใหญ่ SDR', 7, 1),
(2, '2026-03-05', '2026-03-05 17:33:00', 'OUT', 'ONSITE', 13.7563, 100.5018, 'สำนักงานใหญ่ SDR', 7, 1),
(2, '2026-03-06', '2026-03-06 08:22:00', 'IN',  'ONSITE', 13.7563, 100.5018, 'สำนักงานใหญ่ SDR', 11, 1),
(3, '2026-02-21', '2026-02-21 08:28:00', 'IN',  'ONSITE', 13.7563, 100.5018, 'สำนักงานใหญ่ SDR', 10, 1),
(3, '2026-02-21', '2026-02-21 17:32:00', 'OUT', 'ONSITE', 13.7563, 100.5018, 'สำนักงานใหญ่ SDR', 10, 1),
(3, '2026-02-23', '2026-02-23 08:45:00', 'IN',  'ONSITE', 13.7563, 100.5018, 'สำนักงานใหญ่ SDR', 18, 1),
(3, '2026-02-23', '2026-02-23 17:35:00', 'OUT', 'ONSITE', 13.7563, 100.5018, 'สำนักงานใหญ่ SDR', 18, 1),
(3, '2026-02-24', '2026-02-24 08:20:00', 'IN',  'ONSITE', 13.7563, 100.5018, 'สำนักงานใหญ่ SDR', 9, 1),
(3, '2026-02-24', '2026-02-24 17:40:00', 'OUT', 'ONSITE', 13.7563, 100.5018, 'สำนักงานใหญ่ SDR', 9, 1),
(3, '2026-02-25', '2026-02-25 08:30:00', 'IN',  'ONSITE', 13.7563, 100.5018, 'สำนักงานใหญ่ SDR', 12, 1),
(3, '2026-02-25', '2026-02-25 17:30:00', 'OUT', 'ONSITE', 13.7563, 100.5018, 'สำนักงานใหญ่ SDR', 12, 1),
(3, '2026-03-02', '2026-03-02 08:10:00', 'IN',  'ONSITE', 13.7563, 100.5018, 'สำนักงานใหญ่ SDR', 8, 1),
(3, '2026-03-02', '2026-03-02 17:35:00', 'OUT', 'ONSITE', 13.7563, 100.5018, 'สำนักงานใหญ่ SDR', 8, 1),
(3, '2026-03-03', '2026-03-03 08:32:00', 'IN',  'ONSITE', 13.7563, 100.5018, 'สำนักงานใหญ่ SDR', 14, 1),
(3, '2026-03-03', '2026-03-03 17:30:00', 'OUT', 'ONSITE', 13.7563, 100.5018, 'สำนักงานใหญ่ SDR', 14, 1),
(3, '2026-03-04', '2026-03-04 08:22:00', 'IN',  'ONSITE', 13.7563, 100.5018, 'สำนักงานใหญ่ SDR', 10, 1),
(3, '2026-03-04', '2026-03-04 17:30:00', 'OUT', 'ONSITE', 13.7563, 100.5018, 'สำนักงานใหญ่ SDR', 10, 1),
(3, '2026-03-06', '2026-03-06 08:26:00', 'IN',  'ONSITE', 13.7563, 100.5018, 'สำนักงานใหญ่ SDR', 12, 1),
(6, '2026-02-21', '2026-02-21 08:10:00', 'IN',  'ONSITE', 13.7563, 100.5018, 'SXD กรุงเทพ', 15, 1),
(6, '2026-02-21', '2026-02-21 17:50:00', 'OUT', 'ONSITE', 13.7563, 100.5018, 'SXD กรุงเทพ', 15, 1),
(6, '2026-02-23', '2026-02-23 08:22:00', 'IN',  'ONSITE', 13.7563, 100.5018, 'SXD กรุงเทพ', 12, 1),
(6, '2026-02-23', '2026-02-23 18:15:00', 'OUT', 'ONSITE', 13.7563, 100.5018, 'SXD กรุงเทพ', 12, 1),
(6, '2026-02-24', '2026-02-24 08:18:00', 'IN',  'ONSITE', 13.7563, 100.5018, 'SXD กรุงเทพ', 10, 1),
(6, '2026-02-24', '2026-02-24 17:35:00', 'OUT', 'ONSITE', 13.7563, 100.5018, 'SXD กรุงเทพ', 10, 1),
(6, '2026-02-25', '2026-02-25 08:25:00', 'IN',  'ONSITE', 13.7563, 100.5018, 'SXD กรุงเทพ', 11, 1),
(6, '2026-02-25', '2026-02-25 17:45:00', 'OUT', 'ONSITE', 13.7563, 100.5018, 'SXD กรุงเทพ', 11, 1),
(6, '2026-03-02', '2026-03-02 08:20:00', 'IN',  'ONSITE', 13.7563, 100.5018, 'SXD กรุงเทพ', 13, 1),
(6, '2026-03-02', '2026-03-02 17:38:00', 'OUT', 'ONSITE', 13.7563, 100.5018, 'SXD กรุงเทพ', 13, 1),
(6, '2026-03-03', '2026-03-03 08:15:00', 'IN',  'ONSITE', 13.7563, 100.5018, 'SXD กรุงเทพ', 9, 1),
(6, '2026-03-03', '2026-03-03 17:33:00', 'OUT', 'ONSITE', 13.7563, 100.5018, 'SXD กรุงเทพ', 9, 1),
(6, '2026-03-04', '2026-03-04 08:28:00', 'IN',  'ONSITE', 13.7563, 100.5018, 'SXD กรุงเทพ', 14, 1),
(6, '2026-03-04', '2026-03-04 17:42:00', 'OUT', 'ONSITE', 13.7563, 100.5018, 'SXD กรุงเทพ', 14, 1),
(6, '2026-03-06', '2026-03-06 08:14:00', 'IN',  'ONSITE', 13.7563, 100.5018, 'SXD กรุงเทพ', 11, 1),
(10, '2026-02-21', '2026-02-21 08:30:00', 'IN',  'ONSITE', 18.7883, 98.9853, 'SXD เชียงใหม่', 20, 1),
(10, '2026-02-21', '2026-02-21 17:30:00', 'OUT', 'ONSITE', 18.7883, 98.9853, 'SXD เชียงใหม่', 20, 1),
(10, '2026-02-23', '2026-02-23 08:40:00', 'IN',  'ONSITE', 18.7883, 98.9853, 'SXD เชียงใหม่', 25, 1),
(10, '2026-02-23', '2026-02-23 17:35:00', 'OUT', 'ONSITE', 18.7883, 98.9853, 'SXD เชียงใหม่', 25, 1),
(10, '2026-02-24', '2026-02-24 08:20:00', 'IN',  'ONSITE', 18.7883, 98.9853, 'SXD เชียงใหม่', 15, 1),
(10, '2026-02-24', '2026-02-24 17:45:00', 'OUT', 'ONSITE', 18.7883, 98.9853, 'SXD เชียงใหม่', 15, 1),
(10, '2026-03-02', '2026-03-02 08:25:00', 'IN',  'ONSITE', 18.7883, 98.9853, 'SXD เชียงใหม่', 12, 1),
(10, '2026-03-02', '2026-03-02 17:40:00', 'OUT', 'ONSITE', 18.7883, 98.9853, 'SXD เชียงใหม่', 12, 1),
(10, '2026-03-03', '2026-03-03 09:10:00', 'IN',  'ONSITE', 18.7883, 98.9853, 'SXD เชียงใหม่', 30, 1),
(10, '2026-03-03', '2026-03-03 17:30:00', 'OUT', 'ONSITE', 18.7883, 98.9853, 'SXD เชียงใหม่', 30, 1),
(10, '2026-03-04', '2026-03-04 08:15:00', 'IN',  'ONSITE', 18.7883, 98.9853, 'SXD เชียงใหม่', 10, 1),
(10, '2026-03-04', '2026-03-04 17:50:00', 'OUT', 'ONSITE', 18.7883, 98.9853, 'SXD เชียงใหม่', 10, 1),
(10, '2026-03-06', '2026-03-06 08:20:00', 'IN',  'ONSITE', 18.7883, 98.9853, 'SXD เชียงใหม่', 14, 1),
(12, '2026-02-21', '2026-02-21 08:15:00', 'IN',  'ONSITE', 13.7563, 100.5018, 'SPD กรุงเทพ', 18, 1),
(12, '2026-02-21', '2026-02-21 17:45:00', 'OUT', 'ONSITE', 13.7563, 100.5018, 'SPD กรุงเทพ', 18, 1),
(12, '2026-02-23', '2026-02-23 08:30:00', 'IN',  'ONSITE', 13.7563, 100.5018, 'SPD กรุงเทพ', 20, 1),
(12, '2026-02-23', '2026-02-23 17:30:00', 'OUT', 'ONSITE', 13.7563, 100.5018, 'SPD กรุงเทพ', 20, 1),
(12, '2026-03-02', '2026-03-02 08:10:00', 'IN',  'ONSITE', 13.7563, 100.5018, 'SPD กรุงเทพ', 10, 1),
(12, '2026-03-02', '2026-03-02 17:40:00', 'OUT', 'ONSITE', 13.7563, 100.5018, 'SPD กรุงเทพ', 10, 1),
(12, '2026-03-03', '2026-03-03 08:28:00', 'IN',  'ONSITE', 13.7563, 100.5018, 'SPD กรุงเทพ', 15, 1),
(12, '2026-03-03', '2026-03-03 17:32:00', 'OUT', 'ONSITE', 13.7563, 100.5018, 'SPD กรุงเทพ', 15, 1),
(12, '2026-03-04', '2026-03-04 08:18:00', 'IN',  'ONSITE', 13.7563, 100.5018, 'SPD กรุงเทพ', 9, 1),
(12, '2026-03-04', '2026-03-04 17:55:00', 'OUT', 'ONSITE', 13.7563, 100.5018, 'SPD กรุงเทพ', 9, 1),
(14, '2026-02-21', '2026-02-21 08:05:00', 'IN',  'ONSITE', 13.7563, 100.5018, 'สำนักงานใหญ่ SAR', 10, 1),
(14, '2026-02-21', '2026-02-21 17:55:00', 'OUT', 'ONSITE', 13.7563, 100.5018, 'สำนักงานใหญ่ SAR', 10, 1),
(14, '2026-02-23', '2026-02-23 08:15:00', 'IN',  'ONSITE', 13.7563, 100.5018, 'สำนักงานใหญ่ SAR', 13, 1),
(14, '2026-02-23', '2026-02-23 18:20:00', 'OUT', 'ONSITE', 13.7563, 100.5018, 'สำนักงานใหญ่ SAR', 13, 1),
(14, '2026-03-02', '2026-03-02 08:30:00', 'IN',  'ONSITE', 13.7563, 100.5018, 'สำนักงานใหญ่ SAR', 16, 1),
(14, '2026-03-02', '2026-03-02 17:45:00', 'OUT', 'ONSITE', 13.7563, 100.5018, 'สำนักงานใหญ่ SAR', 16, 1),
(14, '2026-03-03', '2026-03-03 08:08:00', 'IN',  'ONSITE', 13.7563, 100.5018, 'สำนักงานใหญ่ SAR', 8, 1),
(14, '2026-03-03', '2026-03-03 17:48:00', 'OUT', 'ONSITE', 13.7563, 100.5018, 'สำนักงานใหญ่ SAR', 8, 1),
(14, '2026-03-04', '2026-03-04 08:20:00', 'IN',  'ONSITE', 13.7563, 100.5018, 'สำนักงานใหญ่ SAR', 12, 1),
(14, '2026-03-04', '2026-03-04 17:40:00', 'OUT', 'ONSITE', 13.7563, 100.5018, 'สำนักงานใหญ่ SAR', 12, 1),
(14, '2026-03-06', '2026-03-06 08:10:00', 'IN',  'ONSITE', 13.7563, 100.5018, 'สำนักงานใหญ่ SAR', 9, 1);

-- 6. Leave Requests
INSERT INTO `hrm_leave_requests` (`employee_id`, `leave_type_id`, `leave_format`, `start_date`, `end_date`, `total_days`, `reason`, `status`, `approved_by`, `approved_at`, `created_at`) VALUES
(2, 1, 'FULL_DAY', '2026-01-20', '2026-01-20', 1.0, 'ไม่สบาย ไข้หวัด', 'APPROVED', 1, '2026-01-20 09:30:00', '2026-01-20 08:00:00'),
(3, 3, 'FULL_DAY', '2026-02-10', '2026-02-10', 1.0, 'ธุระส่วนตัว', 'APPROVED', 2, '2026-02-09 14:00:00', '2026-02-08 10:00:00'),
(5, 2, 'FULL_DAY', '2026-02-17', '2026-02-17', 1.0, 'ทำธุระธนาคาร', 'APPROVED', 2, '2026-02-16 11:00:00', '2026-02-14 09:00:00'),
(7, 1, 'FULL_DAY', '2026-01-15', '2026-01-17', 3.0, 'ป่วยหนัก ไข้สูง', 'APPROVED', 6, '2026-01-15 10:00:00', '2026-01-15 07:30:00'),
(9, 2, 'FULL_DAY', '2026-02-05', '2026-02-06', 2.0, 'เดินทางไปต่างจังหวัด', 'APPROVED', 6, '2026-02-04 16:00:00', '2026-02-03 09:00:00'),
(6, 3, 'FULL_DAY', '2026-01-06', '2026-01-10', 5.0, 'พักร้อนปีใหม่', 'APPROVED', 1, '2025-12-25 10:00:00', '2025-12-20 13:00:00'),
(10, 1, 'FULL_DAY', '2026-02-02', '2026-02-03', 2.0, 'ป่วยท้องเสีย', 'APPROVED', 6, '2026-02-02 08:30:00', '2026-02-02 07:00:00'),
(12, 3, 'FULL_DAY', '2026-01-13', '2026-01-16', 4.0, 'พักร้อนครอบครัว', 'APPROVED', 1, '2026-01-10 15:00:00', '2026-01-08 10:00:00'),
(4, 3, 'FULL_DAY', '2026-03-16', '2026-03-18', 3.0, 'ขอลาพักร้อนเที่ยวทะเล', 'PENDING', NULL, NULL, '2026-03-05 09:00:00'),
(8, 1, 'FULL_DAY', '2026-03-10', '2026-03-10', 1.0, 'ไม่สบาย ปวดหัว', 'PENDING', NULL, NULL, '2026-03-06 08:00:00'),
(11, 2, 'FULL_DAY', '2026-03-12', '2026-03-12', 1.0, 'ไปรับลูกสอบ', 'PENDING', NULL, NULL, '2026-03-05 14:00:00'),
(15, 1, 'FULL_DAY', '2026-03-09', '2026-03-09', 1.0, 'ไม่สบาย เจ็บคอ', 'PENDING', NULL, NULL, '2026-03-06 07:30:00'),
(5, 3, 'FULL_DAY', '2026-02-28', '2026-03-02', 2.0, 'ขอลาพักร้อน', 'REJECTED', 2, '2026-02-26 10:00:00', '2026-02-25 09:00:00'),
(13, 3, 'FULL_DAY', '2026-02-20', '2026-02-21', 2.0, 'ลาพักร้อนไปสระบุรี', 'REJECTED', 12, '2026-02-19 14:00:00', '2026-02-17 11:00:00');

-- 7. OT Requests
INSERT INTO `hrm_ot_requests` (`employee_id`, `ot_date`, `ot_type`, `start_time`, `end_time`, `total_hours`, `reason`, `status`, `approved_by`, `approved_at`, `created_at`) VALUES
(2, '2026-02-23', 'OT_1_5', '17:30:00', '20:00:00', 2.5, 'ปิดงานส่งมอบโปรเจค', 'APPROVED', 1, '2026-02-23 20:30:00', '2026-02-23 17:35:00'),
(7, '2026-02-25', 'OT_1_5', '17:30:00', '19:30:00', 2.0, 'จัดเตรียมเอกสารสรุปเดือน', 'APPROVED', 6, '2026-02-25 19:45:00', '2026-02-25 17:35:00'),
(8, '2026-02-26', 'OT_1_5', '17:30:00', '20:30:00', 3.0, 'เร่งงาน deadline', 'APPROVED', 6, '2026-02-26 21:00:00', '2026-02-26 17:35:00'),
(10, '2026-03-04', 'OT_1_5', '17:30:00', '19:00:00', 1.5, 'จัดเตรียมสินค้าเร่ง', 'APPROVED', 6, '2026-03-04 19:30:00', '2026-03-04 17:35:00'),
(14, '2026-02-23', 'OT_2_0', '17:30:00', '21:00:00', 3.5, 'OT วันหยุด จัดประชุม', 'APPROVED', 1, '2026-02-23 21:30:00', '2026-02-23 17:35:00'),
(3, '2026-03-07', 'OT_1_5', '17:30:00', '20:00:00', 2.5, 'เร่งจัดส่งรายงานประจำเดือน', 'PENDING', NULL, NULL, '2026-03-06 12:00:00'),
(6, '2026-03-07', 'OT_1_5', '17:30:00', '19:00:00', 1.5, 'ประชุมกับลูกค้าต่างประเทศ', 'PENDING', NULL, NULL, '2026-03-06 11:00:00'),
(12, '2026-03-08', 'OT_1_5', '17:30:00', '20:00:00', 2.5, 'เตรียมงานนำเสนอ', 'PENDING', NULL, NULL, '2026-03-06 10:00:00');

-- 8. Time Correction Requests
INSERT INTO `hrm_time_correction_requests` (`employee_id`, `correction_date`, `correction_type`, `original_time`, `corrected_time`, `reason`, `status`, `approved_by`, `approved_at`, `created_at`) VALUES
(2, '2026-02-25', 'WRONG_TIME', '08:50:00', '08:30:00', 'รถติดมาก ขอแก้เป็นเวลาจริงที่มาถึง', 'PENDING', NULL, NULL, '2026-02-25 09:00:00'),
(10, '2026-03-03', 'FORGOT_IN', NULL, '08:30:00', 'ลืมสแกนเข้า จริงๆ มาถึง 08:30', 'APPROVED', 6, '2026-03-03 10:00:00', '2026-03-03 09:15:00'),
(5, '2026-02-28', 'FORGOT_OUT', NULL, '17:30:00', 'ลืมสแกนออก เลิกงาน 17:30 ตามปกติ', 'APPROVED', 2, '2026-03-01 09:00:00', '2026-02-28 19:00:00');

-- 9. Shift Swap Requests
INSERT INTO `hrm_shift_swap_requests` (`requester_id`, `target_id`, `requester_date`, `target_date`, `reason`, `status`, `target_accepted`, `created_at`) VALUES
(3, 5, '2026-03-10', '2026-03-11', 'ขอสลับวันกับสุดา เพราะมีนัดหมอ', 'PENDING', 1, '2026-03-06 09:00:00'),
(9, 8, '2026-03-12', '2026-03-13', 'ขอเปลี่ยนวันทำงานกับพี่ประสิทธิ์', 'PENDING', 0, '2026-03-06 10:30:00');

-- 10. Holidays for SXD, SPD, SAR
INSERT INTO `hrm_holidays` (`company_id`, `holiday_date`, `name_th`, `holiday_type`) VALUES
(2, '2026-01-01', 'วันขึ้นปีใหม่', 'NATIONAL'),
(2, '2026-04-13', 'วันสงกรานต์', 'NATIONAL'),
(2, '2026-04-14', 'วันสงกรานต์', 'NATIONAL'),
(2, '2026-04-15', 'วันสงกรานต์', 'NATIONAL'),
(2, '2026-05-01', 'วันแรงงาน', 'NATIONAL'),
(2, '2026-07-28', 'วันเฉลิมฯ ร.10', 'NATIONAL'),
(2, '2026-08-12', 'วันแม่แห่งชาติ', 'NATIONAL'),
(2, '2026-12-05', 'วันพ่อแห่งชาติ', 'NATIONAL'),
(2, '2026-12-31', 'วันสิ้นปี', 'NATIONAL'),
(2, '2026-06-20', 'วันท่องเที่ยวบริษัท', 'COMPANY'),
(3, '2026-01-01', 'วันขึ้นปีใหม่', 'NATIONAL'),
(3, '2026-04-13', 'วันสงกรานต์', 'NATIONAL'),
(3, '2026-04-14', 'วันสงกรานต์', 'NATIONAL'),
(3, '2026-04-15', 'วันสงกรานต์', 'NATIONAL'),
(3, '2026-05-01', 'วันแรงงาน', 'NATIONAL'),
(3, '2026-12-31', 'วันสิ้นปี', 'NATIONAL'),
(4, '2026-01-01', 'วันขึ้นปีใหม่', 'NATIONAL'),
(4, '2026-04-13', 'วันสงกรานต์', 'NATIONAL'),
(4, '2026-04-14', 'วันสงกรานต์', 'NATIONAL'),
(4, '2026-04-15', 'วันสงกรานต์', 'NATIONAL'),
(4, '2026-05-01', 'วันแรงงาน', 'NATIONAL'),
(4, '2026-12-05', 'วันพ่อแห่งชาติ', 'NATIONAL'),
(4, '2026-12-31', 'วันสิ้นปี', 'NATIONAL'),
(4, '2026-03-20', 'วันครบรอบบริษัท', 'COMPANY');

SET FOREIGN_KEY_CHECKS = 1;